{"incentives": "ADV", "x_dim": 2, "N": 30, "train_fracs": [0.1, 0.14444444444444446, 0.18888888888888888, 0.23333333333333334, 0.2777777777777778, 0.32222222222222224, 0.3666666666666667, 0.4111111111111111, 0.4555555555555556, 0.5], "train_size": 50, "test_size": 5000, "scale_range": 2, "noise_frac": 0.1, "lambdas": [0.01, 0.1, 1.0], "n_splits": 3, "lr": 0.01, "batch_size": 5, "epochs": 200, "seed": 0}